{
	"partitions" : [
		{
			"name" : "Top",
			"pins" : [
				{
					"name" : "a_dm",
					"strict" : false
				},
				{
					"name" : "b_dm",
					"strict" : false
				},
				{
					"name" : "c_dm",
					"strict" : false
				},
				{
					"name" : "d_dm",
					"strict" : false
				},
				{
					"name" : "e_dm",
					"strict" : false
				},
				{
					"name" : "f_dm",
					"strict" : false
				},
				{
					"name" : "g_dm",
					"strict" : false
				},
				{
					"name" : "a_um",
					"strict" : false
				},
				{
					"name" : "b_um",
					"strict" : false
				},
				{
					"name" : "c_um",
					"strict" : false
				},
				{
					"name" : "d_um",
					"strict" : false
				},
				{
					"name" : "e_um",
					"strict" : false
				},
				{
					"name" : "f_um",
					"strict" : false
				},
				{
					"name" : "g_um",
					"strict" : false
				},
				{
					"name" : "a_c",
					"strict" : false
				},
				{
					"name" : "b_c",
					"strict" : false
				},
				{
					"name" : "c_c",
					"strict" : false
				},
				{
					"name" : "d_c",
					"strict" : false
				},
				{
					"name" : "e_c",
					"strict" : false
				},
				{
					"name" : "f_c",
					"strict" : false
				},
				{
					"name" : "g_c",
					"strict" : false
				},
				{
					"name" : "a_d",
					"strict" : false
				},
				{
					"name" : "b_d",
					"strict" : false
				},
				{
					"name" : "c_d",
					"strict" : false
				},
				{
					"name" : "d_d",
					"strict" : false
				},
				{
					"name" : "e_d",
					"strict" : false
				},
				{
					"name" : "f_d",
					"strict" : false
				},
				{
					"name" : "g_d",
					"strict" : false
				},
				{
					"name" : "a_u",
					"strict" : false
				},
				{
					"name" : "b_u",
					"strict" : false
				},
				{
					"name" : "c_u",
					"strict" : false
				},
				{
					"name" : "d_u",
					"strict" : false
				},
				{
					"name" : "e_u",
					"strict" : false
				},
				{
					"name" : "f_u",
					"strict" : false
				},
				{
					"name" : "g_u",
					"strict" : false
				},
				{
					"name" : "testeTop[0]",
					"strict" : false
				},
				{
					"name" : "testeTop[1]",
					"strict" : false
				},
				{
					"name" : "testeTop[2]",
					"strict" : false
				},
				{
					"name" : "testeTop[3]",
					"strict" : false
				},
				{
					"name" : "testeTop[4]",
					"strict" : false
				},
				{
					"name" : "testeTop[5]",
					"strict" : false
				},
				{
					"name" : "testeTop[6]",
					"strict" : false
				},
				{
					"name" : "testeTop[7]",
					"strict" : false
				},
				{
					"name" : "testeTop[8]",
					"strict" : false
				},
				{
					"name" : "testeTop[9]",
					"strict" : false
				},
				{
					"name" : "testeTop[10]",
					"strict" : false
				},
				{
					"name" : "testeTop[11]",
					"strict" : false
				},
				{
					"name" : "testeTop[12]",
					"strict" : false
				},
				{
					"name" : "testeTop[13]",
					"strict" : false
				},
				{
					"name" : "testeTop[14]",
					"strict" : false
				},
				{
					"name" : "testeTop[15]",
					"strict" : false
				},
				{
					"name" : "testePC[0]",
					"strict" : false
				},
				{
					"name" : "testePC[1]",
					"strict" : false
				},
				{
					"name" : "testePC[2]",
					"strict" : false
				},
				{
					"name" : "testePC[3]",
					"strict" : false
				},
				{
					"name" : "testePC[4]",
					"strict" : false
				},
				{
					"name" : "testePC[5]",
					"strict" : false
				},
				{
					"name" : "testePC[6]",
					"strict" : false
				},
				{
					"name" : "testePC[7]",
					"strict" : false
				},
				{
					"name" : "testePC[8]",
					"strict" : false
				},
				{
					"name" : "testePC[9]",
					"strict" : false
				},
				{
					"name" : "testePC[10]",
					"strict" : false
				},
				{
					"name" : "testePC[11]",
					"strict" : false
				},
				{
					"name" : "testePC[12]",
					"strict" : false
				},
				{
					"name" : "testePC[13]",
					"strict" : false
				},
				{
					"name" : "testePC[14]",
					"strict" : false
				},
				{
					"name" : "testePC[15]",
					"strict" : false
				},
				{
					"name" : "testeClkWrite",
					"strict" : false
				},
				{
					"name" : "testeReset",
					"strict" : false
				},
				{
					"name" : "testeES",
					"strict" : false
				},
				{
					"name" : "testeInstrucao[0]",
					"strict" : false
				},
				{
					"name" : "testeInstrucao[1]",
					"strict" : false
				},
				{
					"name" : "testeInstrucao[2]",
					"strict" : false
				},
				{
					"name" : "testeInstrucao[5]",
					"strict" : false
				},
				{
					"name" : "testeInstrucao[6]",
					"strict" : false
				},
				{
					"name" : "testeInstrucao[9]",
					"strict" : false
				},
				{
					"name" : "testeInstrucao[10]",
					"strict" : false
				},
				{
					"name" : "testeInstrucao[11]",
					"strict" : false
				},
				{
					"name" : "testeInstrucao[12]",
					"strict" : false
				},
				{
					"name" : "testeInstrucao[13]",
					"strict" : false
				},
				{
					"name" : "testeInstrucao[14]",
					"strict" : false
				},
				{
					"name" : "testeInstrucao[15]",
					"strict" : false
				},
				{
					"name" : "testeNEXT[0]",
					"strict" : false
				},
				{
					"name" : "testeNEXT[1]",
					"strict" : false
				},
				{
					"name" : "testeNEXT[2]",
					"strict" : false
				},
				{
					"name" : "testeNEXT[3]",
					"strict" : false
				},
				{
					"name" : "testeNEXT[4]",
					"strict" : false
				},
				{
					"name" : "testeNEXT[5]",
					"strict" : false
				},
				{
					"name" : "testeNEXT[6]",
					"strict" : false
				},
				{
					"name" : "testeNEXT[7]",
					"strict" : false
				},
				{
					"name" : "testeNEXT[8]",
					"strict" : false
				},
				{
					"name" : "testeNEXT[9]",
					"strict" : false
				},
				{
					"name" : "testeNEXT[10]",
					"strict" : false
				},
				{
					"name" : "testeNEXT[11]",
					"strict" : false
				},
				{
					"name" : "testeNEXT[12]",
					"strict" : false
				},
				{
					"name" : "testeNEXT[13]",
					"strict" : false
				},
				{
					"name" : "testeNEXT[14]",
					"strict" : false
				},
				{
					"name" : "testeNEXT[15]",
					"strict" : false
				},
				{
					"name" : "testefunct[2]",
					"strict" : false
				},
				{
					"name" : "testefunct[3]",
					"strict" : false
				},
				{
					"name" : "testefunct[4]",
					"strict" : false
				},
				{
					"name" : "testeEntrada[0]",
					"strict" : false
				},
				{
					"name" : "testeEntrada[1]",
					"strict" : false
				},
				{
					"name" : "testeEntrada[2]",
					"strict" : false
				},
				{
					"name" : "testeEntrada[3]",
					"strict" : false
				},
				{
					"name" : "testeEntrada[4]",
					"strict" : false
				},
				{
					"name" : "testeEntrada[5]",
					"strict" : false
				},
				{
					"name" : "testeEntrada[6]",
					"strict" : false
				},
				{
					"name" : "testeEntrada[7]",
					"strict" : false
				},
				{
					"name" : "testeEntrada[8]",
					"strict" : false
				},
				{
					"name" : "testeEntrada[9]",
					"strict" : false
				},
				{
					"name" : "testeEntrada[10]",
					"strict" : false
				},
				{
					"name" : "testeEntrada[11]",
					"strict" : false
				},
				{
					"name" : "testeEntrada[12]",
					"strict" : false
				},
				{
					"name" : "testeEntrada[13]",
					"strict" : false
				},
				{
					"name" : "testeEntrada[14]",
					"strict" : false
				},
				{
					"name" : "testeEntrada[15]",
					"strict" : false
				},
				{
					"name" : "testeSwitches[0]",
					"strict" : false
				},
				{
					"name" : "testeSwitches[1]",
					"strict" : false
				},
				{
					"name" : "testeSwitches[2]",
					"strict" : false
				},
				{
					"name" : "testeSwitches[3]",
					"strict" : false
				},
				{
					"name" : "testeSwitches[4]",
					"strict" : false
				},
				{
					"name" : "testeSwitches[5]",
					"strict" : false
				},
				{
					"name" : "testeSwitches[6]",
					"strict" : false
				},
				{
					"name" : "testeSwitches[7]",
					"strict" : false
				},
				{
					"name" : "testeSwitches[8]",
					"strict" : false
				},
				{
					"name" : "testeSwitches[9]",
					"strict" : false
				},
				{
					"name" : "testeSwitches[10]",
					"strict" : false
				},
				{
					"name" : "testeSwitches[11]",
					"strict" : false
				},
				{
					"name" : "testeSwitches[12]",
					"strict" : false
				},
				{
					"name" : "testeSwitches[13]",
					"strict" : false
				},
				{
					"name" : "testeSwitches[14]",
					"strict" : false
				},
				{
					"name" : "testeSwitches[15]",
					"strict" : false
				},
				{
					"name" : "testeG[0]",
					"strict" : false
				},
				{
					"name" : "testeG[1]",
					"strict" : false
				},
				{
					"name" : "testeG[2]",
					"strict" : false
				},
				{
					"name" : "testeG[3]",
					"strict" : false
				},
				{
					"name" : "testeG[4]",
					"strict" : false
				},
				{
					"name" : "testeG[5]",
					"strict" : false
				},
				{
					"name" : "testeG[6]",
					"strict" : false
				},
				{
					"name" : "testeG[7]",
					"strict" : false
				},
				{
					"name" : "testeG[8]",
					"strict" : false
				},
				{
					"name" : "testeG[9]",
					"strict" : false
				},
				{
					"name" : "testeG[10]",
					"strict" : false
				},
				{
					"name" : "testeG[11]",
					"strict" : false
				},
				{
					"name" : "testeG[12]",
					"strict" : false
				},
				{
					"name" : "testeG[13]",
					"strict" : false
				},
				{
					"name" : "testeG[14]",
					"strict" : false
				},
				{
					"name" : "testeG[15]",
					"strict" : false
				},
				{
					"name" : "testeY[0]",
					"strict" : false
				},
				{
					"name" : "testeY[1]",
					"strict" : false
				},
				{
					"name" : "testeY[2]",
					"strict" : false
				},
				{
					"name" : "testeY[3]",
					"strict" : false
				},
				{
					"name" : "testeY[4]",
					"strict" : false
				},
				{
					"name" : "testeY[5]",
					"strict" : false
				},
				{
					"name" : "testeY[6]",
					"strict" : false
				},
				{
					"name" : "testeY[7]",
					"strict" : false
				},
				{
					"name" : "testeY[8]",
					"strict" : false
				},
				{
					"name" : "testeY[9]",
					"strict" : false
				},
				{
					"name" : "testeY[10]",
					"strict" : false
				},
				{
					"name" : "testeY[11]",
					"strict" : false
				},
				{
					"name" : "testeY[12]",
					"strict" : false
				},
				{
					"name" : "testeY[13]",
					"strict" : false
				},
				{
					"name" : "testeY[14]",
					"strict" : false
				},
				{
					"name" : "testeY[15]",
					"strict" : false
				},
				{
					"name" : "testeINDEX[0]",
					"strict" : false
				},
				{
					"name" : "testeINDEX[1]",
					"strict" : false
				},
				{
					"name" : "testeINDEX[2]",
					"strict" : false
				},
				{
					"name" : "testeINDEX[3]",
					"strict" : false
				},
				{
					"name" : "testeINDEX[4]",
					"strict" : false
				},
				{
					"name" : "testeINDEX[5]",
					"strict" : false
				},
				{
					"name" : "testeINDEX[6]",
					"strict" : false
				},
				{
					"name" : "testeINDEX[7]",
					"strict" : false
				},
				{
					"name" : "testeINDEX[8]",
					"strict" : false
				},
				{
					"name" : "testeINDEX[9]",
					"strict" : false
				},
				{
					"name" : "testeINDEX[10]",
					"strict" : false
				},
				{
					"name" : "testeINDEX[11]",
					"strict" : false
				},
				{
					"name" : "testeINDEX[12]",
					"strict" : false
				},
				{
					"name" : "testeINDEX[13]",
					"strict" : false
				},
				{
					"name" : "testeINDEX[14]",
					"strict" : false
				},
				{
					"name" : "testeINDEX[15]",
					"strict" : false
				},
				{
					"name" : "testePopDados[0]",
					"strict" : false
				},
				{
					"name" : "testePopDados[1]",
					"strict" : false
				},
				{
					"name" : "testePopDados[2]",
					"strict" : false
				},
				{
					"name" : "testePopDados[3]",
					"strict" : false
				},
				{
					"name" : "testePopDados[4]",
					"strict" : false
				},
				{
					"name" : "testePopDados[5]",
					"strict" : false
				},
				{
					"name" : "testePopDados[6]",
					"strict" : false
				},
				{
					"name" : "testePopDados[7]",
					"strict" : false
				},
				{
					"name" : "testePopDados[8]",
					"strict" : false
				},
				{
					"name" : "testePopDados[9]",
					"strict" : false
				},
				{
					"name" : "testePopDados[10]",
					"strict" : false
				},
				{
					"name" : "testePopDados[11]",
					"strict" : false
				},
				{
					"name" : "testePopDados[12]",
					"strict" : false
				},
				{
					"name" : "testePopDados[13]",
					"strict" : false
				},
				{
					"name" : "testePopDados[14]",
					"strict" : false
				},
				{
					"name" : "testePopDados[15]",
					"strict" : false
				},
				{
					"name" : "testeHalt",
					"strict" : false
				},
				{
					"name" : "testeTOSRetorno[0]",
					"strict" : false
				},
				{
					"name" : "testeTOSRetorno[1]",
					"strict" : false
				},
				{
					"name" : "testeTOSRetorno[2]",
					"strict" : false
				},
				{
					"name" : "testeTOSRetorno[3]",
					"strict" : false
				},
				{
					"name" : "testeTOSRetorno[4]",
					"strict" : false
				},
				{
					"name" : "testeTOSRetorno[5]",
					"strict" : false
				},
				{
					"name" : "testeTOSRetorno[6]",
					"strict" : false
				},
				{
					"name" : "testeTOSRetorno[7]",
					"strict" : false
				},
				{
					"name" : "testeTOSRetorno[8]",
					"strict" : false
				},
				{
					"name" : "testeTOSRetorno[9]",
					"strict" : false
				},
				{
					"name" : "testeTOSRetorno[10]",
					"strict" : false
				},
				{
					"name" : "testeTOSRetorno[11]",
					"strict" : false
				},
				{
					"name" : "testeTOSRetorno[12]",
					"strict" : false
				},
				{
					"name" : "testeTOSRetorno[13]",
					"strict" : false
				},
				{
					"name" : "testeTOSRetorno[14]",
					"strict" : false
				},
				{
					"name" : "testeTOSRetorno[15]",
					"strict" : false
				},
				{
					"name" : "sw0",
					"strict" : false
				},
				{
					"name" : "sw1",
					"strict" : false
				},
				{
					"name" : "sw2",
					"strict" : false
				},
				{
					"name" : "sw3",
					"strict" : false
				},
				{
					"name" : "sw4",
					"strict" : false
				},
				{
					"name" : "sw5",
					"strict" : false
				},
				{
					"name" : "sw6",
					"strict" : false
				},
				{
					"name" : "sw7",
					"strict" : false
				},
				{
					"name" : "sw8",
					"strict" : false
				},
				{
					"name" : "sw9",
					"strict" : false
				},
				{
					"name" : "sw10",
					"strict" : false
				},
				{
					"name" : "sw11",
					"strict" : false
				},
				{
					"name" : "sw12",
					"strict" : false
				},
				{
					"name" : "sw13",
					"strict" : false
				},
				{
					"name" : "sw14",
					"strict" : false
				},
				{
					"name" : "sw15",
					"strict" : false
				},
				{
					"name" : "read_clock",
					"strict" : false
				},
				{
					"name" : "pushButtonReset",
					"strict" : false
				},
				{
					"name" : "pushButtonEntrada",
					"strict" : false
				}
			]
		}
	]
}