{
	"partitions" : [
		{
			"name" : "Top",
			"pins" : [
				{
					"name" : "a_dm",
					"strict" : false
				},
				{
					"name" : "b_dm",
					"strict" : false
				},
				{
					"name" : "c_dm",
					"strict" : false
				},
				{
					"name" : "d_dm",
					"strict" : false
				},
				{
					"name" : "e_dm",
					"strict" : false
				},
				{
					"name" : "f_dm",
					"strict" : false
				},
				{
					"name" : "g_dm",
					"strict" : false
				},
				{
					"name" : "a_um",
					"strict" : false
				},
				{
					"name" : "b_um",
					"strict" : false
				},
				{
					"name" : "c_um",
					"strict" : false
				},
				{
					"name" : "d_um",
					"strict" : false
				},
				{
					"name" : "e_um",
					"strict" : false
				},
				{
					"name" : "f_um",
					"strict" : false
				},
				{
					"name" : "g_um",
					"strict" : false
				},
				{
					"name" : "a_c",
					"strict" : false
				},
				{
					"name" : "b_c",
					"strict" : false
				},
				{
					"name" : "c_c",
					"strict" : false
				},
				{
					"name" : "d_c",
					"strict" : false
				},
				{
					"name" : "e_c",
					"strict" : false
				},
				{
					"name" : "f_c",
					"strict" : false
				},
				{
					"name" : "g_c",
					"strict" : false
				},
				{
					"name" : "a_d",
					"strict" : false
				},
				{
					"name" : "b_d",
					"strict" : false
				},
				{
					"name" : "c_d",
					"strict" : false
				},
				{
					"name" : "d_d",
					"strict" : false
				},
				{
					"name" : "e_d",
					"strict" : false
				},
				{
					"name" : "f_d",
					"strict" : false
				},
				{
					"name" : "g_d",
					"strict" : false
				},
				{
					"name" : "a_u",
					"strict" : false
				},
				{
					"name" : "b_u",
					"strict" : false
				},
				{
					"name" : "c_u",
					"strict" : false
				},
				{
					"name" : "d_u",
					"strict" : false
				},
				{
					"name" : "e_u",
					"strict" : false
				},
				{
					"name" : "f_u",
					"strict" : false
				},
				{
					"name" : "g_u",
					"strict" : false
				},
				{
					"name" : "read_clock",
					"strict" : false
				},
				{
					"name" : "pushButtonReset",
					"strict" : false
				},
				{
					"name" : "sw15",
					"strict" : false
				},
				{
					"name" : "pushButtonEntrada",
					"strict" : false
				},
				{
					"name" : "sw14",
					"strict" : false
				},
				{
					"name" : "sw13",
					"strict" : false
				},
				{
					"name" : "sw12",
					"strict" : false
				},
				{
					"name" : "sw11",
					"strict" : false
				},
				{
					"name" : "sw10",
					"strict" : false
				},
				{
					"name" : "sw9",
					"strict" : false
				},
				{
					"name" : "sw8",
					"strict" : false
				},
				{
					"name" : "sw7",
					"strict" : false
				},
				{
					"name" : "sw6",
					"strict" : false
				},
				{
					"name" : "sw5",
					"strict" : false
				},
				{
					"name" : "sw4",
					"strict" : false
				},
				{
					"name" : "sw3",
					"strict" : false
				},
				{
					"name" : "sw2",
					"strict" : false
				},
				{
					"name" : "sw1",
					"strict" : false
				},
				{
					"name" : "sw0",
					"strict" : false
				}
			]
		}
	]
}